https://d1w7fb2mkkr3kw.cloudfront.net/assets/images/book/mid/9780/0622/9780062268747.jpg,1
https://d1w7fb2mkkr3kw.cloudfront.net/assets/images/book/mid/9780/0081/9780008128005.jpg,2
https://d1w7fb2mkkr3kw.cloudfront.net/assets/images/book/mid/9781/4019/9781401956820.jpg,3
https://d1w7fb2mkkr3kw.cloudfront.net/assets/images/book/mid/9781/5833/9781583335086.jpg,1
https://d1w7fb2mkkr3kw.cloudfront.net/assets/images/book/mid/9781/6402/9781640210219.jpg,1
https://d1w7fb2mkkr3kw.cloudfront.net/assets/images/book/mid/9780/1437/9780143784494.jpg,2
https://d1w7fb2mkkr3kw.cloudfront.net/assets/images/book/mid/9780/7522/9780752266510.jpg,4
https://d1w7fb2mkkr3kw.cloudfront.net/assets/images/book/mid/9780/1992/9780199218462.jpg,5
https://d1w7fb2mkkr3kw.cloudfront.net/assets/images/book/mid/9780/0071/9780007116980.jpg,8
https://d1w7fb2mkkr3kw.cloudfront.net/assets/images/book/mid/9780/4862/9780486274263.jpg,4
https://d1w7fb2mkkr3kw.cloudfront.net/assets/images/book/mid/9781/9378/9781937832032.jpg,7
https://d1w7fb2mkkr3kw.cloudfront.net/assets/images/book/mid/9780/2419/9780241952023.jpg,6